epoch,train_loss,valid_loss,bleu,teacher_forcing,time_sec
1,10.236888885498047,9.59758186340332,0.022030139095706808,1.0,1.0291502475738525
