{
  "eval_loss": 3.806168556213379,
  "eval_bleu": 1.4050730653141843,
  "eval_runtime": 4.6991,
  "eval_samples_per_second": 104.702,
  "eval_steps_per_second": 1.702,
  "epoch": 500.0
}